species,family,range.size,conserv.europe,conserv.eu,OWS_egg,OWS_larvae,OWS_pupae,OWS_adult,GEN_Average,GEN_Min,GEN_Max,GEN_Range,WSP_Female_average,WSP_Female_range,HSI,LEV_buried,LEV_ground_layer,LEV_field_layer,LEV_shrub_layer,LEV_canopy_layer,ELT_single,ELT_small_batch,ELT_large_batch,ALT_Min,ALT_Range,FM_Average,FM_Range,AFB_herb/flower,AFB_grass,AFB_shrub_flower,AFB_honeydew,AFB_sap,AFB_animal,AFB_mineral
Aglais_ichnusa,Nymphalidae,NA,NA,NA,0,0,0,1,2,2,2,0,47,10,0.577,NA,NA,NA,NA,NA,NA,NA,NA,700,1800,8,0,1,0,0,0,0,0,0
Aglais_io,Nymphalidae,1136,5,5,0,0,0,1,2,1,3,2,53.5,17,0.236,0,0,1,0,0,0,0,1,0,2500,7.5,3,1,0,1,0,0,1,1
Aglais_urticae,Nymphalidae,1271,5,5,0,0,0,1,2,1,3,2,48,10,0.707,0,0,1,0,0,0,0,1,0,3000,7.5,3,1,0,1,0,0,1,1
Agriades_aquilo,Lycaenidae,21,5,5,0,1,0,0,0.75,0.5,1,0.5,23,2,0.289,0,0,1,0,0,NA,NA,NA,0,900,3,0,NA,NA,NA,NA,NA,NA,NA
Agriades_dardanus,Lycaenidae,2,4,4,NA,NA,NA,NA,1,1,1,0,25,6,0.577,NA,NA,NA,NA,NA,NA,NA,NA,800,3400,4,0,NA,NA,NA,NA,NA,NA,NA
Agriades_glandon,Lycaenidae,45,5,5,0,1,0,0,1,1,1,0,23,2,0.354,0,0,1,0,0,NA,NA,NA,1600,1100,2,0,1,0,0,0,0,0,0
Agriades_optilete,Lycaenidae,480,5,5,0,1,0,0,1,1,1,0,25,8,0.218,0,1,1,0,0,1,0,0,0,2800,3,0,1,0,1,0,0,1,0
Agriades_orbitulus,Lycaenidae,63,5,5,0,1,0,0,1,1,1,0,26,4,0.258,NA,NA,NA,NA,NA,1,0,0,800,1900,3,0,0,0,0,0,0,0,1
Agriades_pyrenaicus,Lycaenidae,5,5,5,0,1,0,0,1,1,1,0,25,6,1,0,1,0,0,0,1,0,0,1800,400,NA,NA,1,0,0,0,0,0,1
Agriades_zullichi,Lycaenidae,2,2,2,0,1,0,0,1,1,1,0,23.5,3,1,1,1,1,0,0,1,0,0,2400,600,3,0,1,0,0,0,0,0,0
Anthocharis_cardamines,Pieridae,1245,5,5,0,0,1,0,1,1,1,0,40.5,15,0.101,0,0,1,0,0,1,0,0,0,2300,4,2,1,0,0,0,0,0,0
Anthocharis_damone,Pieridae,19,5,5,0,0,1,0,1,1,1,0,39.5,5,1,NA,NA,NA,NA,NA,1,0,0,0,1300,3,2,1,0,0,0,0,0,0
Anthocharis_euphenoides,Pieridae,131,5,5,0,0,1,0,1,1,1,0,37,6,0.577,0,0,1,0,0,1,0,0,0,1800,3.5,1,1,0,0,0,0,0,0
Anthocharis_gruneri,Pieridae,36,5,5,0,0,1,0,1,1,1,0,33,6,0.408,NA,NA,NA,NA,NA,1,0,0,0,2300,4,4,1,0,0,0,0,0,0
Apatura_ilia,Nymphalidae,528,5,5,0,1,0,0,1.5,1,2,1,68,8,0.267,0,0,0,1,1,1,0,0,50,1850,4.5,3,1,0,0,1,1,1,1
Apatura_iris,Nymphalidae,571,5,5,0,1,0,0,1,1,1,0,70,10,0.316,0,0,0,1,0,1,0,0,0,2300,2.5,1,1,0,0,1,1,1,1
Apatura_metis,Nymphalidae,47,5,5,0,1,0,0,1.5,1,2,1,62,4,1,0,0,0,1,1,1,0,0,0,650,4,0,1,0,1,1,1,1,1
Aphantopus_hyperantus,Nymphalidae,1002,5,5,0,1,0,0,1,1,1,0,38.5,7,0.063,0,1,1,0,0,1,1,0,0,2000,3,0,1,0,1,0,0,0,0
Aporia_crataegi,Pieridae,894,5,5,0,1,0,0,1,1,1,0,62.5,11,0.082,0,0,1,1,0,0,0,1,0,2600,3.5,1,1,1,0,1,0,0,1
Araschnia_levana,Nymphalidae,626,5,5,0,0,1,0,2,1,3,2,33.5,11,0.707,0,0,1,0,0,0,1,1,0,1700,5,2,1,0,1,0,0,0,0
Archon_apollinus,Papilionidae,13,4,5,0,0,1,0,1,1,1,0,57,6,0.577,0,0,1,0,0,0,1,0,0,900,3.5,3,1,0,0,0,0,0,0
Arethusana_arethusa,Nymphalidae,229,5,5,0,1,0,0,1,1,1,0,41,6,0.333,0,1,1,0,0,0,1,0,0,2300,3.5,1,1,0,0,0,0,0,0
Argynnis_laodice,Nymphalidae,100,5,4,0,1,0,0,1,1,1,0,55,10,0.707,NA,NA,NA,NA,NA,NA,NA,NA,NA,NA,2,0,0,0,1,0,0,0,1
Argynnis_pandora,Nymphalidae,320,5,5,0,1,0,0,1.5,1,2,1,72,16,0.577,1,1,1,0,0,1,0,0,0,2600,5,4,1,0,0,0,0,1,1
Argynnis_paphia,Nymphalidae,1024,5,5,1,1,0,0,1,1,1,0,62,8,0.258,0,0,1,0,0,1,0,0,0,2300,4,2,1,0,1,1,0,0,1
Aricia_agestis,Lycaenidae,700,5,5,0,1,0,0,2,1,3,2,25,6,0.102,0,1,1,0,0,1,0,0,0,1900,7,0,1,0,0,0,0,1,1
Aricia_anteros,Lycaenidae,43,4,5,0,1,0,0,2,1,3,2,28,8,0.289,0,0,1,0,0,1,0,0,300,2100,5,0,1,0,0,0,0,0,0
Aricia_artaxerxes,Lycaenidae,435,5,5,0,1,0,0,1,1,1,0,27.5,7,0.056,0,1,1,0,0,1,0,0,0,2200,4,0,1,0,0,0,0,0,0
Aricia_cramera,Lycaenidae,138,5,5,1,1,1,1,2.5,2,3,1,25,6,0.112,0,1,1,0,0,1,0,0,0,2500,9.5,5,1,0,0,0,0,0,1
Aricia_montensis,Lycaenidae,32,5,5,0,1,0,0,1,1,1,0,27.5,7,0.183,NA,NA,NA,NA,NA,NA,NA,NA,0,2800,4,0,1,0,0,0,0,0,1
Aricia_morronensis,Lycaenidae,15,5,5,0,1,0,0,1.5,1,2,1,28,4,0.577,0,0,1,0,0,1,0,0,900,2100,4,0,1,0,0,0,0,0,0
Aricia_nicias,Lycaenidae,78,5,5,0,1,0,0,1,1,1,0,25.5,5,0.707,0,0,1,0,0,1,0,0,0,300,2,0,1,0,0,0,0,0,0
Azanus_jesous,Lycaenidae,,NA,NA,NA,NA,NA,NA,3,3,3,0,21.5,1,0.289,NA,NA,NA,NA,NA,1,0,0,0,1800,NA,NA,NA,NA,NA,NA,NA,NA,NA
Azanus_ubaldus,Lycaenidae,NA,NA,NA,1,1,1,1,3,3,3,0,12.5,5,0.577,0,0,0,1,0,1,1,0,0,1500,NA,NA,0,0,1,0,0,0,0
Boloria_aquilonaris,Nymphalidae,478,5,5,0,1,0,0,1,1,1,0,36,8,0.289,0,1,1,0,0,1,0,0,100,1900,2,2,1,0,1,0,0,0,0
Boloria_chariclea,Nymphalidae,22,4,4,NA,NA,NA,NA,1,1,1,0,38,8,0.354,NA,NA,NA,NA,NA,NA,NA,NA,100,1300,1.5,1,1,0,0,0,0,0,0
Boloria_dia,Nymphalidae,554,5,5,0,1,0,0,2,1,3,2,33,2,0.447,0,0,1,0,0,1,0,0,0,2000,5.5,3,1,0,0,0,0,0,0
Boloria_eunomia,Nymphalidae,311,5,5,0,1,0,0,1,1,1,0,36.5,7,0.183,0,0,1,0,0,1,1,0,50,1850,3,0,1,0,0,0,0,0,0
Boloria_euphrosyne,Nymphalidae,963,5,5,0,1,0,0,1.5,1,2,1,36,10,0.577,0,0,1,0,0,1,0,0,0,2300,4,4,1,0,0,0,0,0,0
Boloria_freija,Nymphalidae,144,5,5,0,1,0,0,1,1,1,0,34.5,11,0.158,0,0,0,1,0,1,0,0,200,800,2.5,1,1,0,0,0,0,0,0
Boloria_frigga,Nymphalidae,145,5,5,0,1,0,0,1,1,1,0,42.5,11,0.707,0,0,0,1,0,1,0,0,100,350,2,0,1,0,0,0,0,0,0
Boloria_graeca,Nymphalidae,37,5,5,0,1,0,0,1,1,1,0,36,8,1,0,0,1,0,0,1,0,0,750,1850,4,2,1,0,0,0,0,0,0
Boloria_improba,Nymphalidae,6,2,2,0,1,0,0,1,1,1,0,32.5,7,0.5,0,0,1,0,0,NA,NA,NA,600,450,2,2,1,0,0,0,0,0,0
Boloria_napaea,Nymphalidae,112,5,5,0,1,0,0,1,1,1,0,39,6,0.354,0,1,1,0,0,1,0,0,0,2500,3,0,1,0,0,0,0,0,0
Boloria_pales,Nymphalidae,101,5,5,0,1,0,0,1,1,1,0,36,8,0.258,0,0,1,0,0,1,0,0,1500,1600,3,2,1,0,0,0,0,0,0
Boloria_polaris,Nymphalidae,18,3,3,0,1,0,0,1,1,1,0,41.5,5,0.204,NA,NA,NA,NA,NA,1,0,0,100,1300,2.5,3,NA,NA,NA,NA,NA,NA,NA
Boloria_selene,Nymphalidae,998,5,5,0,1,1,0,1.5,1,2,1,36.5,7,0.577,0,0,1,0,0,1,0,0,0,2200,3.5,3,1,0,0,0,0,0,1
Boloria_thore,Nymphalidae,79,5,5,0,1,0,0,1.25,1,1.5,1,44,6,0.577,0,0,1,0,0,1,0,0,300,1500,2,2,1,0,0,0,0,0,0
Boloria_titania,Nymphalidae,141,4,5,1,1,0,0,1,1,1,0,39.5,9,0.5,0,0,1,0,0,1,0,0,100,2000,3,0,1,0,0,0,0,0,0
Borbo_borbonica,Hesperiidae,1,NA,NA,0,1,0,0,2.5,2,3,1,29,2,0.333,0,1,1,0,0,1,0,0,0,100,4.5,1,1,0,0,0,0,0,0
Brenthis_daphne,Nymphalidae,323,5,5,1,1,0,0,1,1,1,0,47,10,0.447,0,0,0,1,0,1,0,0,0,2300,3.5,1,1,0,1,0,0,0,0
Brenthis_hecate,Nymphalidae,190,5,5,1,0,0,0,1,1,1,0,40,8,0.408,0,0,1,0,0,1,0,0,25,2275,3,0,1,0,0,0,0,0,0
Brenthis_ino,Nymphalidae,699,5,5,1,1,0,0,1,1,1,0,37,8,0.204,0,1,1,0,0,1,1,0,0,2000,2.5,1,1,0,1,0,0,0,0
Brintesia_circe,Nymphalidae,416,5,5,0,1,0,0,1,1,1,0,73,14,0.204,0,1,1,0,0,0,1,0,0,2300,4.5,3,1,0,0,0,1,1,1
Cacyreus_marshalli,Lycaenidae,33,NA,NA,0,1,1,0,3,3,3,0,23.5,5,1,NA,NA,NA,NA,NA,1,0,0,0,1500,8,0,1,0,0,0,0,0,0
Callophrys_avis,Lycaenidae,37,5,5,0,0,1,0,1,1,1,0,35.5,3,0.25,NA,NA,NA,NA,NA,1,0,0,100,900,3,0,1,0,0,0,0,0,0
Callophrys_rubi,Lycaenidae,1192,5,5,0,0,1,0,1.25,1,1.5,0.5,23,6,0.033,0,1,1,1,0,1,0,0,0,2300,6,2,1,0,1,1,0,0,0
Carcharodus_alceae,Hesperiidae,615,5,5,0,1,0,0,2.5,2,3,1,30,8,0.167,0,0,1,0,0,1,0,0,0,3000,8,4,1,0,0,0,0,0,0
Carcharodus_baeticus,Hesperiidae,56,5,5,0,1,0,0,2.5,2,3,1,30,4,0.408,0,1,1,0,0,1,0,0,500,1100,4,4,1,0,0,0,0,0,1
Carcharodus_floccifera,Hesperiidae,277,4,5,0,1,0,0,1.5,1,2,1,30,4,0.174,0,0,1,0,0,1,0,0,0,2000,4.5,1,1,0,0,0,0,0,1
Carcharodus_lavatherae,Hesperiidae,146,4,4,0,1,0,0,1,1,1,0,31,6,0.408,0,1,1,0,0,1,0,0,0,1600,4,2,1,0,0,0,0,0,1
Carcharodus_orientalis,Hesperiidae,54,5,5,NA,NA,NA,NA,2.5,2,3,1,29,2,0.577,NA,NA,NA,NA,NA,NA,NA,NA,0,2000,4.5,1,NA,NA,NA,NA,NA,NA,NA
Carcharodus_stauderi,Hesperiidae,2,NA,NA,NA,NA,NA,NA,3,3,3,0,30,4,0.289,NA,NA,NA,NA,NA,NA,NA,NA,700,1700,8,0,NA,NA,NA,NA,NA,NA,NA
Carcharodus_tripolinus,Hesperiidae,NA,5,5,NA,NA,NA,NA,3,3,3,0,30,8,1,NA,NA,NA,NA,NA,NA,NA,NA,0,2500,7,0,NA,NA,NA,NA,NA,NA,NA
Carterocephalus_palaemon,Hesperiidae,585,5,5,0,1,0,0,1,1,1,0,27,6,0.126,0,0,1,0,0,1,0,0,0,1800,2.5,1,1,0,0,0,0,0,0
Carterocephalus_silvicola,Hesperiidae,222,5,5,0,1,0,0,1,1,1,0,25,6,0.2,0,0,1,0,0,1,0,0,0,500,2.5,1,1,0,0,0,0,0,0
Catopsilia_florella,Pieridae,NA,NA,NA,1,1,1,1,3,3,3,0,50,10,NA,0,0,0,1,1,1,1,0,0,2000,11,2,NA,NA,NA,NA,NA,NA,NA
Celastrina_argiolus,Lycaenidae,1190,5,5,0,0,1,0,1.75,1,2.5,1.5,27,10,0.02,0,0,0,1,1,1,0,0,0,1900,7,0,1,0,1,1,0,0,0
Charaxes_jasius,Nymphalidae,127,5,5,0,1,0,0,1.5,1,2,1,79.5,7,0.102,0,0,0,0,1,1,1,0,0,2400,6.5,3,0,0,0,0,0,1,1
Chazara_briseis,Nymphalidae,353,4,4,0,1,0,0,1,1,1,0,55,26,0.333,0,1,1,0,0,1,1,0,0,2500,4,4,1,0,0,0,0,1,1
Chazara_prieuri,Nymphalidae,8,5,5,0,1,0,0,1,1,1,0,60,12,1,NA,NA,NA,NA,NA,NA,NA,NA,900,1100,2,0,1,0,0,0,0,0,0
Coenonympha_arcania,Nymphalidae,736,5,5,0,1,0,0,1.25,1,1.5,0.5,37,6,0.169,0,0,1,0,0,1,1,0,0,2300,3.5,3,1,0,1,0,0,0,0
Coenonympha_corinna,Nymphalidae,17,5,5,0,1,0,0,2.25,1.5,3,1.5,29,2,0.577,NA,NA,NA,NA,NA,1,0,0,0,2000,4.5,1,1,0,0,0,0,0,0
Coenonympha_dorus,Nymphalidae,107,5,5,0,1,0,0,1,1,1,0,31,6,0.169,0,0,1,0,0,1,0,0,100,1600,3,0,1,0,0,0,0,1,0
Coenonympha_gardetta,Nymphalidae,61,5,5,0,1,0,0,1,1,1,0,31,2,0.577,NA,NA,NA,NA,NA,1,1,0,800,2200,4,0,1,0,0,0,0,0,0
Coenonympha_glycerion,Nymphalidae,574,5,5,0,1,0,0,1.5,1,2,1,28,6,0.258,0,0,1,0,0,1,0,0,200,2200,3,0,1,0,0,0,0,1,0
Coenonympha_hero,Nymphalidae,173,3,3,0,1,0,0,1,1,1,0,30,4,0.154,0,0,1,0,0,1,0,0,0,800,3.5,3,1,0,1,0,0,0,0
Coenonympha_leander,Nymphalidae,27,5,5,0,1,0,0,1,1,1,0,33,2,0.5,0,0,1,0,0,1,0,0,0,2100,3.5,3,1,0,0,0,0,0,0
Coenonympha_oedippus,Nymphalidae,52,2,5,0,1,0,0,1,1,1,0,38,8,0.258,0,0,1,0,0,1,0,0,0,500,3,0,1,0,1,1,0,0,0
Coenonympha_orientalis,Nymphalidae,11,3,NA,NA,NA,NA,NA,1,1,1,0,30.5,3,0.5,NA,NA,NA,NA,NA,NA,NA,NA,800,1200,3,0,NA,NA,NA,NA,NA,NA,NA
Coenonympha_pamphilus,Nymphalidae,1371,5,5,0,1,0,0,2,1,3,2,28,10,0.096,0,0,1,0,0,1,0,0,0,2700,7,6,1,0,0,0,0,0,0
Coenonympha_rhodopensis,Nymphalidae,39,5,5,0,1,0,0,1,1,1,0,33,2,0.354,0,0,1,0,0,1,0,0,750,1750,2.5,1,1,0,0,0,0,0,0
Coenonympha_thyrsis,Nymphalidae,9,5,5,0,1,0,0,2,1,3,2,32,14,0.289,0,0,1,0,0,NA,NA,NA,0,1800,5,4,1,0,0,0,0,0,0
Coenonympha_tullia,Nymphalidae,553,5,5,0,1,0,0,1,1,1,0,31.5,11,0.115,0,0,1,0,0,1,0,0,0,1400,2,2,1,0,1,0,0,0,0
Colias_alfacariensis,Pieridae,494,5,5,0,1,0,0,2.5,2,3,1,43.5,3,0.167,0,1,1,0,0,1,0,0,0,2600,6.5,1,1,0,0,0,0,0,0
Colias_aurorina,Pieridae,14,5,5,0,1,0,0,1,1,1,0,55,2,0.577,0,0,1,0,0,1,0,0,450,1950,5,0,0,0,1,0,0,0,0
Colias_caucasica,Pieridae,13,5,5,0,1,0,0,1,1,1,0,52,4,0.707,0,0,1,0,0,1,0,0,900,1400,3,0,1,0,0,0,0,0,0
Colias_chrysotheme,Pieridae,36,3,3,0,1,0,0,2.5,2,3,1,44,8,0.408,0,1,1,0,0,1,0,0,0,1500,7,0,1,0,0,0,0,0,0
Colias_crocea,Pieridae,1028,5,5,0,1,1,0,3,3,3,0,48,12,0.041,0,0,1,0,0,1,0,0,0,3000,7,4,1,0,0,0,0,0,1
Colias_erate,Pieridae,138,5,5,0,1,1,0,2.5,2,3,1,49,6,0.113,NA,NA,NA,NA,NA,1,0,0,0,2000,4.5,1,NA,NA,NA,NA,NA,NA,NA
Colias_hecla,Pieridae,24,4,4,0,1,1,0,1,1,1,0,43,8,0.177,0,1,0,0,0,1,1,0,0,900,3,0,1,0,0,0,0,0,0
Colias_hyale,Pieridae,682,5,5,0,1,1,0,2.5,2,3,1,45,10,0.204,0,1,1,0,0,1,0,0,0,1800,6.5,1,1,0,0,0,0,0,0
Colias_myrmidone,Pieridae,94,2,1,0,1,0,0,2.5,2,3,1,47,6,0.316,0,0,1,0,0,1,0,0,0,500,5.5,1,1,0,0,0,0,0,0
Colias_palaeno,Pieridae,417,5,5,1,1,0,0,1,1,1,0,47,10,0.707,0,1,1,0,0,1,0,0,0,2500,3,0,1,0,1,0,0,0,0
Colias_phicomone,Pieridae,83,4,4,0,1,0,0,1.25,1,1.5,0.5,45,10,0.169,0,1,0,0,0,1,0,0,900,1600,3.5,1,1,0,0,0,0,0,0
Colias_tyche,Pieridae,6,5,5,0,1,0,0,1,1,1,0,45,10,0.289,0,1,0,0,0,1,0,0,0,700,3,0,1,0,0,0,0,0,0
Colotis_evagore,Pieridae,10,NA,NA,0,0,1,0,3,3,3,0,33,6,0.707,0,0,1,0,0,1,0,0,0,400,9,0,1,0,1,0,0,0,0
Cupido_alcetas,Lycaenidae,146,5,5,0,1,0,0,2.5,2,3,1,29,6,0.183,0,0,1,0,0,1,0,0,0,1000,7,0,1,0,0,0,0,0,0
Cupido_argiades,Lycaenidae,478,5,5,0,1,0,0,2,2,2,0,29,2,0.072,0,0,1,0,0,1,0,0,0,1600,6,0,1,0,0,0,0,0,0
Cupido_decoloratus,Lycaenidae,67,4,5,0,1,1,0,2.5,2,3,1,25,2,0.258,0,0,1,0,0,NA,NA,NA,0,1200,5,0,1,0,0,0,0,0,0
Cupido_lorquinii,Lycaenidae,17,5,5,0,0,1,0,1,1,1,0,25,6,1,0,0,1,0,0,NA,NA,NA,100,1900,3,0,1,0,0,0,0,0,1
Cupido_minimus,Lycaenidae,753,5,5,0,1,0,0,1.5,1,2,1,23,4,0.105,0,0,1,0,0,1,0,0,0,2800,6,0,1,0,0,0,0,1,1
Cupido_osiris,Lycaenidae,131,5,5,0,1,0,0,1.5,1,2,1,27,6,0.289,0,0,1,0,0,1,0,0,200,1800,6,0,1,0,0,0,0,0,1
Cyaniris_semiargus,Lycaenidae,930,5,5,0,1,0,0,1.25,1,1.5,0.5,29,8,0.169,0,0,1,0,0,1,0,0,0,2400,6,0,1,0,0,0,0,0,0
Cyclyrius_webbianus,Lycaenidae,NA,5,5,1,1,1,1,3,3,3,0,27.5,5,0.289,0,0,1,0,0,0,1,0,200,3300,NA,NA,1,0,0,0,0,0,0
Danaus_chrysippus,Nymphalidae,38,NA,NA,1,1,1,1,3,3,3,0,70,20,0.354,0,0,1,0,0,NA,NA,NA,0,1100,10.5,3,1,0,0,0,0,0,0
Danaus_plexippus,Nymphalidae,15,NA,NA,0,0,0,1,3,3,3,0,95.5,13,0.5,0,0,1,0,0,1,0,0,0,400,11,2,1,0,1,0,0,0,0
Erebia_aethiopella,Nymphalidae,10,5,5,0,1,0,0,1,1,1,0,38,4,1,NA,NA,NA,NA,NA,NA,NA,NA,1800,800,2,0,NA,NA,NA,NA,NA,NA,NA
Erebia_aethiops,Nymphalidae,326,5,5,0,1,0,0,1,1,1,0,47,10,0.043,0,1,1,0,0,1,0,0,0,2000,3.5,1,1,0,0,0,0,0,0
Erebia_albergana,Nymphalidae,65,5,5,0,1,0,0,1,1,1,0,43,6,0.333,NA,NA,NA,NA,NA,NA,NA,NA,900,1300,3,0,1,0,0,0,0,0,1
Erebia_calcarius,Nymphalidae,9,5,5,0,1,0,0,1,1,1,0,38,4,0.5,NA,NA,NA,NA,NA,NA,NA,NA,1600,0,3,0,1,0,0,0,0,0,0
Erebia_cassioides,Nymphalidae,65,5,5,0,1,0,0,1,1,1,0,37,6,1,0,1,1,0,0,1,0,0,1500,1100,3,2,1,0,0,0,0,0,1
Erebia_christi,Nymphalidae,1,3,3,0,1,0,0,0.5,0.5,0.5,0,38,4,1,NA,NA,NA,NA,NA,NA,NA,NA,1300,800,2.5,1,1,0,0,0,0,0,1
Erebia_claudina,Nymphalidae,8,4,4,0,1,0,0,0.75,0.5,1,0.5,35,2,0.5,0,0,1,0,0,NA,NA,NA,1400,900,3,2,1,0,0,0,0,0,0
Erebia_disa,Nymphalidae,36,5,5,0,1,0,0,0.5,0.5,0.5,0,45.5,7,0.577,NA,NA,NA,NA,NA,NA,NA,NA,300,200,2,0,NA,NA,NA,NA,NA,NA,NA
Erebia_embla,Nymphalidae,123,5,5,NA,NA,NA,NA,1,1,1,0,47.5,7,0.224,0,0,1,0,0,NA,NA,NA,100,300,2,0,NA,NA,NA,NA,NA,NA,NA
Erebia_epiphron,Nymphalidae,137,5,5,0,1,0,0,0.75,0.5,1,0.5,38,8,0.224,0,0,1,0,0,1,0,0,350,2350,2.5,1,1,0,0,0,0,0,0
Erebia_epistygne,Nymphalidae,24,4,4,0,1,0,0,1,1,1,0,47,6,1,NA,NA,NA,NA,NA,NA,NA,NA,400,1150,3,0,1,0,0,0,0,0,0
Erebia_eriphyle,Nymphalidae,34,5,5,1,1,0,0,0.5,0.5,0.5,0,34,4,0.5,0,0,1,0,0,NA,NA,NA,1200,1050,3,0,1,0,0,0,0,0,0
Erebia_euryale,Nymphalidae,203,5,5,1,1,0,0,0.75,0.5,1,0.5,44,4,0.096,0,0,1,0,0,1,0,0,600,1900,3,2,1,0,0,0,0,0,0
Erebia_flavofasciata,Nymphalidae,5,4,4,0,1,0,0,0.5,0.5,0.5,0,35,2,1,NA,NA,NA,NA,NA,1,0,0,1800,800,3,0,1,0,0,0,0,0,0
Erebia_gorge,Nymphalidae,92,5,5,0,1,0,0,0.5,0.5,0.5,0,37,6,0.316,0,0,1,0,0,NA,NA,NA,1600,1500,3,0,NA,NA,NA,NA,NA,NA,NA
Erebia_gorgone,Nymphalidae,13,5,5,0,1,0,0,1,1,1,0,41,2,0.577,NA,NA,NA,NA,NA,NA,NA,NA,1500,950,2,0,1,0,0,0,0,0,0
Erebia_hispania,Nymphalidae,17,5,5,0,1,0,0,1,1,1,0,38,8,1,NA,NA,NA,NA,NA,NA,NA,NA,1650,1250,2.5,1,1,0,0,0,0,0,1
Erebia_lefebvrei,Nymphalidae,12,5,5,0,1,0,0,1,1,1,0,44,8,0.707,NA,NA,NA,NA,NA,1,0,0,1600,1400,3,0,NA,NA,NA,NA,NA,NA,NA
Erebia_ligea,Nymphalidae,564,5,5,1,1,0,0,0.75,0.5,1,0.5,41,10,0.183,0,1,1,0,0,1,0,0,0,2500,3,2,1,0,0,0,0,0,1
Erebia_manto,Nymphalidae,89,5,5,1,1,0,0,0.5,0.5,0.5,0,39,10,0.316,0,0,1,0,0,1,0,0,900,1600,3,0,1,0,0,0,0,0,0
Erebia_medusa,Nymphalidae,361,5,5,0,1,0,0,0.75,0.5,1,0.5,38,8,0.224,0,1,1,0,0,1,0,0,200,2350,3.5,1,1,0,0,0,0,0,0
Erebia_melampus,Nymphalidae,56,5,5,0,1,0,0,1,1,1,0,33,6,0.289,NA,NA,NA,NA,NA,NA,NA,NA,800,1600,3,0,1,0,0,0,0,0,0
Erebia_melas,Nymphalidae,31,5,5,0,1,0,0,1,1,1,0,45,6,1,NA,NA,NA,NA,NA,NA,NA,NA,200,2600,3.5,1,1,0,0,0,0,0,0
Erebia_meolans,Nymphalidae,139,5,5,0,1,0,0,1,1,1,0,46,16,0.2,0,1,1,0,0,1,0,0,150,2250,4,0,1,0,0,0,0,0,0
Erebia_mnestra,Nymphalidae,22,5,5,0,1,0,0,0.75,0.5,1,0,36,4,0.5,0,0,1,0,0,NA,NA,NA,1500,1100,2,0,1,0,0,0,0,0,0
Erebia_montana,Nymphalidae,38,5,5,0,1,0,0,1,1,1,0,47,6,0.354,0,1,0,0,0,NA,NA,NA,1100,1400,3,0,1,0,0,0,0,0,0
Erebia_neoridas,Nymphalidae,48,5,5,0,1,0,0,1,1,1,0,41,10,0.289,0,0,1,0,0,1,0,0,500,1100,2.5,1,1,0,0,0,0,0,0
Erebia_nivalis,Nymphalidae,14,5,5,0,1,0,0,0.5,0.5,0.5,0,32,4,1,NA,NA,NA,NA,NA,1,0,0,2100,500,1.5,1,1,0,0,0,0,0,0
Erebia_oeme,Nymphalidae,89,5,5,0,1,0,0,0.75,0.5,1,0.5,42,8,0.1,0,1,1,0,0,1,0,0,800,1800,3,0,1,0,0,0,0,0,0
Erebia_orientalis,Nymphalidae,5,5,5,0,1,0,0,1,1,1,0,30.5,3,0.289,NA,NA,NA,NA,NA,NA,NA,NA,1800,800,2.5,1,1,0,0,0,0,0,0
Erebia_ottomana,Nymphalidae,42,5,5,0,1,0,0,1,1,1,0,39,10,0.707,NA,NA,NA,NA,NA,NA,NA,NA,450,2150,3,2,1,0,0,0,0,0,0
Erebia_palarica,Nymphalidae,5,5,5,NA,NA,NA,NA,1,1,1,0,58,4,0.289,0,1,1,0,0,0,1,0,1000,650,3,0,1,0,0,0,0,0,0
Erebia_pandrose,Nymphalidae,194,5,5,0,1,0,0,0.5,0.5,0.5,0,40,10,0.192,0,1,1,0,0,1,0,0,0,3100,2.5,1,1,1,0,0,0,0,0
Erebia_pharte,Nymphalidae,59,5,5,0,1,0,0,0.5,0.5,0.5,0,36,8,0.167,NA,NA,NA,NA,NA,NA,NA,NA,1000,1500,2,0,1,0,0,0,0,0,0
Erebia_pluto,Nymphalidae,51,5,5,0,1,0,0,0.75,0.5,1,0.5,45,10,0.354,0,1,1,0,0,1,0,0,1600,1600,2.5,1,NA,NA,NA,NA,NA,NA,NA
Erebia_polaris,Nymphalidae,16,5,5,0,1,0,0,0.75,0.5,1,0.5,39,10,0.25,0,0,1,0,0,1,0,0,0,400,1.5,1,NA,NA,NA,NA,NA,NA,NA
Erebia_pronoe,Nymphalidae,81,5,5,0,1,0,0,1,1,1,0,46,8,0.707,NA,NA,NA,NA,NA,NA,NA,NA,900,1900,3.5,1,1,0,0,0,0,0,0
Erebia_rhodopensis,Nymphalidae,10,5,5,0,1,0,0,1,1,1,0,36.5,3,0.577,NA,NA,NA,NA,NA,NA,NA,NA,1400,1200,1.5,1,1,0,0,0,0,0,0
Erebia_rondoui,Nymphalidae,NA,5,5,0,1,0,0,1,1,1,0,38,8,1,NA,NA,NA,NA,NA,NA,NA,NA,1500,1000,2,0,1,0,0,0,0,0,0
Erebia_scipio,Nymphalidae,9,5,5,0,1,0,0,0.75,0.5,1,0.5,48,4,0.5,NA,NA,NA,NA,NA,NA,NA,NA,1200,1300,2,0,1,0,0,0,0,0,0
Erebia_sthennyo,Nymphalidae,10,5,5,0,1,0,0,1,1,1,0,42,4,0.577,NA,NA,NA,NA,NA,NA,NA,NA,1700,800,2.5,1,NA,NA,NA,NA,NA,NA,NA
Erebia_stiria,Nymphalidae,17,5,5,0,1,0,0,1,1,1,0,49,6,0.408,NA,NA,NA,NA,NA,NA,NA,NA,300,1500,3,0,1,0,0,0,0,0,0
Erebia_styx,Nymphalidae,25,5,5,0,1,0,0,0.75,0.5,1,0.5,51,10,0.707,NA,NA,NA,NA,NA,NA,NA,NA,200,2000,3,0,1,0,0,0,0,0,0
Erebia_sudetica,Nymphalidae,13,3,3,0,1,0,0,1,1,1,0,28.5,3,1,NA,NA,NA,NA,NA,1,0,0,600,1600,2.5,1,1,0,0,0,0,0,0
Erebia_triarius,Nymphalidae,72,5,5,0,1,0,0,1,1,1,0,47,6,0.289,0,1,1,0,0,NA,NA,NA,400,2100,4,0,1,0,0,0,0,0,1
Erebia_tyndarus,Nymphalidae,25,5,5,0,1,0,0,1,1,1,0,35,2,0.5,NA,NA,NA,NA,NA,NA,NA,NA,1200,1500,3,2,1,0,0,0,0,0,0
Erebia_zapateri,Nymphalidae,6,5,5,0,1,0,0,1,1,1,0,38,4,0.289,NA,NA,NA,NA,NA,NA,NA,NA,1000,650,3.5,1,1,0,0,0,0,0,0
Erynnis_marloyi,Hesperiidae,31,5,5,0,1,0,0,2,1,3,2,31,6,1,NA,NA,NA,NA,NA,NA,NA,NA,0,2100,6,4,1,0,0,0,0,0,0
Erynnis_tages,Hesperiidae,842,5,5,0,1,0,0,1.5,1,2,1,30,4,0.129,0,0,1,0,0,1,0,0,0,2000,4,4,1,0,0,0,0,0,0
Euchloe_ausonia,Pieridae,352,5,5,0,0,1,0,2,1,3,2,44,8,0.126,0,0,1,0,0,1,0,0,0,1900,5,2,1,0,0,0,0,0,0
Euchloe_bazae,Pieridae,5,3,3,0,0,1,0,1.5,1,2,1,34,4,0.5,0,1,0,0,0,1,1,0,0,800,4,0,1,0,0,0,0,0,0
Euchloe_belemia,Pieridae,63,5,5,0,0,1,0,2,2,2,0,40,8,0.354,0,1,0,0,0,1,0,0,0,1500,5,0,1,0,0,0,0,0,0
Euchloe_charlonia,Pieridae,NA,5,5,0,0,1,0,2.5,2,3,1,34,4,0.036,0,1,1,0,0,1,1,0,0,3000,8.5,1,1,0,0,0,0,0,0
Euchloe_crameri,Pieridae,197,5,5,0,0,1,0,1.5,1,2,1,44,8,0.154,0,0,1,0,0,1,0,0,NA,NA,3,0,1,0,0,0,0,0,0
Euchloe_eversi,Pieridae,NA,5,5,0,0,1,0,2,2,2,0,40,8,0.289,NA,NA,NA,NA,NA,1,0,0,1700,800,4,0,1,0,0,0,0,0,0
Euchloe_grancanariensis,Pieridae,NA,5,5,NA,NA,NA,NA,2,2,2,0,40,8,1,NA,NA,NA,NA,NA,NA,NA,NA,50,1900,7,0,NA,NA,NA,NA,NA,NA,NA
Euchloe_hesperidum,Pieridae,NA,5,5,NA,NA,NA,NA,2,2,2,0,40,8,0.289,NA,NA,NA,NA,NA,NA,NA,NA,0,400,6,0,1,0,0,0,0,0,0
Euchloe_insularis,Pieridae,16,5,5,0,0,1,0,1.75,1.5,2,0.5,34.5,3,0.25,0,0,1,0,0,1,0,0,0,1300,5,0,1,0,0,0,0,0,0
Euchloe_penia,Pieridae,14,5,5,0,0,1,0,1.5,1,2,1,34,4,0.408,0,1,1,0,0,1,0,0,0,2100,5,0,1,0,0,0,0,0,0
Euchloe_simplonia,Pieridae,32,5,5,0,0,1,0,0.75,0.5,1,0.5,43,6,0.333,0,1,1,0,0,1,1,0,1000,1400,4,0,1,0,0,0,0,0,0
Euchloe_tagis,Pieridae,56,5,5,0,0,1,0,1,1,1,0,35,10,0.577,0,1,1,1,0,1,0,0,0,1600,3,0,1,0,0,0,0,0,0
Eumedonia_eumedon,Lycaenidae,441,5,5,0,1,0,0,1,1,1,0,28,8,0.218,0,1,1,0,0,1,0,0,0,2400,4,0,1,0,0,0,0,0,0
Euphydryas_aurinia,Nymphalidae,538,5,5,0,1,0,0,1,1,1,0,36.5,13,0.102,0,1,1,0,0,0,0,1,0,2600,3.5,3,1,0,0,0,0,0,0
Euphydryas_cynthia,Nymphalidae,58,5,5,0,1,0,0,0.75,0.5,1,0.5,37,10,0.289,0,1,1,0,0,0,1,1,900,2200,3,0,1,0,0,0,0,0,0
Euphydryas_desfontainii,Nymphalidae,41,4,4,0,1,0,0,1,1,1,0,46,12,1,0,0,1,0,0,0,0,1,0,2800,3,0,1,0,0,0,0,0,0
Euphydryas_iduna,Nymphalidae,24,4,4,0,1,0,0,1,1,1,0,41,8,0.316,0,0,1,0,0,0,1,0,300,400,2,0,NA,NA,NA,NA,NA,NA,NA
Euphydryas_intermedia,Nymphalidae,28,5,5,0,1,0,0,0.75,0.5,1,0.5,40,4,0.577,0,1,0,1,0,0,1,1,1400,1000,3,0,1,0,0,0,0,0,0
Euphydryas_maturna,Nymphalidae,210,3,5,0,1,1,0,0.75,0.5,1,0.5,41.5,9,0.046,0,0,1,1,1,0,0,1,100,900,2.5,1,1,0,0,1,0,0,0
Fabriciana_adippe,Nymphalidae,888,5,5,1,1,0,0,1,1,1,0,53.5,9,0.5,0,0,1,0,0,1,0,0,0,2300,3.5,3,1,0,1,0,0,0,1
Fabriciana_elisa,Nymphalidae,8,5,5,1,1,0,0,1,1,1,0,49,6,1,0,0,1,0,0,1,0,0,400,1600,3,0,1,0,0,0,0,0,0
Fabriciana_niobe,Nymphalidae,646,5,4,1,1,0,0,1,1,1,0,49.5,9,0.408,0,1,1,0,0,1,0,0,0,2500,2.5,3,1,0,0,0,0,0,0
Favonius_quercus,Lycaenidae,777,5,5,1,0,0,0,1,1,1,0,32,6,0.408,0,0,0,0,1,1,0,0,0,2000,5,2,0,0,0,1,0,1,1
Freyeria_trochylus,Lycaenidae,19,5,5,NA,NA,NA,NA,3,3,3,0,16.5,3,0.707,NA,NA,NA,NA,NA,NA,NA,NA,0,1000,8,0,1,0,0,0,0,0,0
Gegenes_nostrodamus,Hesperiidae,65,5,5,1,1,1,1,3,3,3,0,32,4,0.289,0,0,1,0,0,1,0,0,0,1900,9,0,1,0,0,0,0,0,1
Gegenes_pumilio,Hesperiidae,76,5,5,0,1,0,0,3,3,3,0,32,4,0.354,0,0,1,0,0,1,0,0,0,1800,9,0,1,0,0,0,0,0,0
Glaucopsyche_alexis,Lycaenidae,609,5,5,0,0,1,0,1,1,1,0,29,8,0.065,0,0,1,0,0,1,0,0,0,1900,5,0,1,0,0,0,0,1,1
Glaucopsyche_melanops,Lycaenidae,103,5,5,0,0,1,0,1,1,1,0,27,10,0.224,0,0,1,0,0,1,0,0,100,1000,2,0,1,0,0,0,0,0,1
Glaucopsyche_paphos,Lycaenidae,NA,5,5,0,0,1,0,1,1,1,0,29,6,0.289,0,0,1,0,0,1,0,0,0,1800,NA,NA,NA,NA,NA,NA,NA,NA,NA
Gonepteryx_cleobule,Pieridae,NA,3,3,1,1,1,1,3,3,3,0,61.5,13,0.577,0,0,0,1,1,1,0,0,300,1700,4,4,1,0,0,0,0,0,0
Gonepteryx_cleopatra,Pieridae,303,5,5,0,0,0,1,2,1,3,2,59,18,0.577,0,0,0,1,0,1,0,0,0,2000,7.5,3,1,0,0,0,0,0,0
Gonepteryx_farinosa,Pieridae,50,5,5,0,0,0,1,1,1,1,0,60,8,0.577,0,0,0,1,0,1,0,0,0,2500,11,0,1,0,0,0,0,0,0
Gonepteryx_maderensis,Pieridae,NA,2,2,0,0,0,1,3,3,3,0,61.5,13,1,NA,NA,NA,NA,NA,NA,NA,NA,500,1000,9,6,0,0,1,0,0,0,0
Gonepteryx_rhamni,Pieridae,1177,5,5,0,0,0,1,1,1,1,0,58,12,0.218,0,0,0,1,0,1,0,0,0,2000,8,2,1,0,1,0,0,0,0
Hamearis_lucina,Riodinidae,497,5,5,0,0,1,0,1,1,1,0,32.5,3,0.577,0,1,1,0,0,0,1,0,0,1700,6,0,1,0,0,0,0,0,0
Hesperia_comma,Hesperiidae,807,5,5,1,1,0,0,1,1,1,0,31,6,0.333,0,1,1,0,0,1,0,0,0,2200,3.5,3,1,0,0,0,0,0,0
Heteropterus_morpheus,Hesperiidae,270,5,5,0,1,0,0,1,1,1,0,33.5,7,0.25,0,0,1,0,0,1,0,0,0,1500,3,2,1,0,0,0,0,0,0
Hipparchia_aristaeus,Nymphalidae,13,5,5,0,1,0,0,1,1,1,0,52,4,1,NA,NA,NA,NA,NA,NA,NA,NA,0,2000,4.5,5,1,0,0,0,0,0,0
Hipparchia_autonoe,Nymphalidae,,5,NA,NA,NA,NA,NA,1,1,1,0,54,8,0.102,NA,NA,NA,NA,NA,1,0,0,0,1600,2,0,1,0,1,0,0,1,0
Hipparchia_azorina,Nymphalidae,NA,5,5,NA,NA,NA,NA,1,1,1,0,41,6,1,0,0,1,0,0,NA,NA,NA,480,1520,5,0,1,0,1,0,0,0,0
Hipparchia_bacchus,Nymphalidae,NA,3,3,0,1,0,0,1,1,1,0,59,6,0.289,NA,NA,NA,NA,NA,NA,NA,NA,300,1200,2,0,NA,NA,NA,NA,NA,NA,NA
Hipparchia_blachieri,Nymphalidae,9,NA,NA,NA,NA,NA,NA,1,1,1,0,52,4,0.289,NA,NA,NA,NA,NA,NA,NA,NA,0,1900,4.5,3,NA,NA,NA,NA,NA,NA,NA
Hipparchia_christenseni,Nymphalidae,1,5,5,NA,NA,NA,NA,1,1,1,0,51,16,0.289,NA,NA,NA,NA,NA,NA,NA,NA,250,650,2,2,NA,NA,NA,NA,NA,NA,NA
Hipparchia_cretica,Nymphalidae,9,5,5,0,1,0,0,1,1,1,0,56,8,0.289,NA,NA,NA,NA,NA,NA,NA,NA,0,1500,5.5,3,1,0,0,0,0,0,0
Hipparchia_cypriensis,Nymphalidae,NA,5,5,0,1,0,0,1,1,1,0,56.5,13,0.408,0,1,1,0,0,1,0,0,0,1500,9,0,0,0,0,0,1,0,0
Hipparchia_fagi,Nymphalidae,309,4,4,0,1,0,0,1,1,1,0,66,8,0.25,0,1,1,0,0,1,0,0,0,2400,4.5,3,1,0,1,0,1,0,0
Hipparchia_fatua,Nymphalidae,48,5,5,0,1,0,0,1,1,1,0,57.5,15,0.354,0,1,1,0,0,NA,NA,NA,0,1800,6.5,1,NA,NA,NA,NA,NA,NA,NA
Hipparchia_fidia,Nymphalidae,92,5,5,0,1,0,0,1,1,1,0,59,6,0.144,0,0,1,0,0,1,0,0,0,1400,3.5,1,1,0,0,0,0,1,1
Hipparchia_gomera,Nymphalidae,NA,5,5,0,1,0,0,1,1,1,0,59,6,0.289,NA,NA,NA,NA,NA,NA,NA,NA,200,100,5,0,NA,NA,NA,NA,NA,NA,NA
Hipparchia_hermione,Nymphalidae,237,4,4,0,1,0,0,1,1,1,0,61,10,0.408,0,1,1,0,0,1,0,0,0,1900,2,2,1,0,1,0,0,0,0
Hipparchia_leighebi,Nymphalidae,1,4,4,0,1,0,0,1,1,1,0,52,4,0.289,NA,NA,NA,NA,NA,NA,NA,NA,0,500,4,0,NA,NA,NA,NA,NA,NA,NA
Hipparchia_maderensis,Nymphalidae,NA,5,5,0,1,0,0,1,1,1,0,44,8,NA,0,0,1,0,0,NA,NA,NA,800,1000,3,0,NA,NA,NA,NA,NA,NA,NA
Hipparchia_mersina,Nymphalidae,3,NA,NA,0,1,0,0,1,1,1,0,51,16,0.289,NA,NA,NA,NA,NA,NA,NA,NA,0,1300,4.5,3,0,0,0,0,0,1,1
Hipparchia_miguelensis,Nymphalidae,NA,5,5,NA,NA,NA,NA,1,1,1,0,41,6,1,NA,NA,NA,NA,NA,NA,NA,NA,600,400,4,0,1,0,1,0,0,0,0
Hipparchia_neapolitana,Nymphalidae,NA,5,5,0,1,0,0,1,1,1,0,NA,NA,0.408,NA,NA,NA,NA,NA,NA,NA,NA,800,300,3,0,NA,NA,NA,NA,NA,NA,NA
Hipparchia_neomiris,Nymphalidae,9,5,5,0,1,0,0,1,1,1,0,48,4,1,NA,NA,NA,NA,NA,1,0,0,0,2000,3,0,NA,NA,NA,NA,NA,NA,NA
Hipparchia_pellucida,Nymphalidae,2,5,5,0,1,0,0,1,1,1,0,51,16,0.289,0,1,1,0,0,1,0,0,0,1000,4,2,1,0,0,0,0,1,0
Hipparchia_sbordonii,Nymphalidae,NA,4,4,0,1,0,0,1,1,1,0,52,4,0.289,NA,NA,NA,NA,NA,NA,NA,NA,0,200,2,0,NA,NA,NA,NA,NA,NA,NA
Hipparchia_semele,Nymphalidae,814,5,5,0,1,0,0,1,1,1,0,51,16,0.143,0,1,1,0,0,1,0,0,0,2000,3.5,3,1,1,1,0,1,0,0
Hipparchia_senthes,Nymphalidae,56,5,5,0,1,0,0,1,1,1,0,52,4,1,NA,NA,NA,NA,NA,NA,NA,NA,0,2200,7,2,1,0,0,0,0,0,0
Hipparchia_statilinus,Nymphalidae,360,4,4,0,1,0,0,1,1,1,0,45,2,0.123,0,1,1,0,0,1,0,0,0,2500,4,4,1,0,1,0,0,1,1
Hipparchia_syriaca,Nymphalidae,54,5,5,0,1,0,0,1,1,1,0,65,6,0.289,0,1,1,0,0,1,0,0,0,2000,5.5,5,0,0,0,0,1,0,0
Hipparchia_tamadabae,Nymphalidae,NA,5,5,NA,NA,NA,NA,1,1,1,0,55.5,5,0.289,NA,NA,NA,NA,NA,NA,NA,NA,400,1600,6,0,NA,NA,NA,NA,NA,NA,NA
Hipparchia_tilosi,Nymphalidae,NA,3,3,0,1,0,0,1,1,1,0,59,6,0.289,NA,NA,NA,NA,NA,NA,NA,NA,400,900,3,0,NA,NA,NA,NA,NA,NA,NA
Hipparchia_volgensis,Nymphalidae,42,5,5,NA,NA,NA,NA,1,1,1,0,53.5,9,1,0,1,1,0,0,1,0,0,0,2500,4,2,1,0,0,0,0,0,0
Hipparchia_wyssii,Nymphalidae,NA,5,5,0,1,0,0,1,1,1,0,59,6,0.289,0,1,1,0,0,NA,NA,NA,1400,600,3,0,NA,NA,NA,NA,NA,NA,NA
Hyponephele_lupina,Nymphalidae,143,5,5,0,1,0,0,1,1,1,0,45,6,0.169,0,1,1,0,0,1,0,0,0,2300,4.5,5,1,0,0,1,1,0,0
Hyponephele_lycaon,Nymphalidae,365,5,5,0,1,0,0,1,1,1,0,38,8,0.204,0,0,1,0,0,1,0,0,0,2500,3.5,3,1,0,0,0,0,0,0
Iolana_debilitata,Lycaenidae,NA,NA,NA,0,0,1,0,1.5,1.5,1.5,0,39,6,NA,NA,NA,NA,NA,NA,NA,NA,NA,800,1300,5,0,1,0,0,0,0,0,0
Iolana_iolas,Lycaenidae,102,4,4,0,0,1,0,1.5,1.5,1.5,0,39,6,0.707,0,1,1,0,0,1,0,0,100,1700,4,0,1,0,0,0,0,0,1
Iphiclides_feisthamelii,Papilionidae,NA,NA,NA,0,0,1,0,3,3,3,0,77,26,0.408,0,0,0,1,0,1,0,0,0,2700,7.5,1,1,0,0,0,0,0,0
Iphiclides_podalirius,Papilionidae,755,5,5,0,0,1,0,2,1,3,2,77,26,0.105,0,1,1,0,0,1,0,0,0,2000,6,4,1,0,1,0,0,1,0
Issoria_lathonia,Nymphalidae,976,5,5,1,1,1,1,2,1,3,2,42.5,5,0.408,0,1,1,0,0,1,0,0,0,2750,7,6,1,0,0,0,0,0,1
Kirinia_climene,Nymphalidae,9,5,5,0,1,0,0,1,1,1,0,47,2,0.707,0,1,1,0,0,1,0,0,700,1100,2.5,1,1,0,1,0,0,0,0
Kirinia_roxelana,Nymphalidae,86,5,5,0,1,0,0,1,1,1,0,60,4,0.204,NA,NA,NA,NA,NA,NA,NA,NA,0,2300,6.5,3,NA,NA,NA,NA,NA,NA,NA
Kretania_eurypilus,Lycaenidae,2,NA,NA,0,1,0,0,1,1,1,0,29.5,3,0.447,0,0,1,0,0,NA,NA,NA,1000,1200,2,0,NA,NA,NA,NA,NA,NA,NA
Kretania_hesperica,Lycaenidae,8,5,5,0,1,0,0,1,1,1,0,30,4,0.5,0,0,1,0,0,NA,NA,NA,600,900,4,0,1,0,0,0,0,0,1
Kretania_psylorita,Lycaenidae,5,5,5,NA,NA,NA,NA,1,1,1,0,24.5,3,0.577,0,0,1,0,0,NA,NA,NA,950,1050,2,0,1,0,0,0,0,0,0
Kretania_pylaon,Lycaenidae,16,4,NA,0,1,0,0,1,1,1,0,29.5,3,1,0,0,1,0,0,1,0,0,0,800,2,0,1,0,0,0,0,0,0
Kretania_sephirus,Lycaenidae,NA,5,5,0,1,0,0,1,1,1,0,31,6,0.577,NA,NA,NA,NA,NA,1,0,0,1000,1600,NA,NA,1,0,0,0,0,0,0
Kretania_trappi,Lycaenidae,6,4,NA,0,1,0,0,1,1,1,0,31,6,0.707,0,1,1,0,0,NA,NA,NA,1000,1000,3,0,NA,NA,NA,NA,NA,NA,NA
Laeosopis_roboris,Lycaenidae,82,5,5,1,0,0,0,1,1,1,0,27,6,0.707,0,1,0,0,1,1,0,0,100,1500,3,0,1,0,0,0,0,0,0
Lampides_boeticus,Lycaenidae,361,5,5,1,1,1,0,3,3,3,0,33,6,0.058,0,0,1,0,0,1,0,0,0,2700,9,0,1,0,0,0,0,0,0
Lasiommata_maera,Nymphalidae,888,5,5,0,1,0,0,2,1,3,2,47.5,7,0.072,0,0,1,0,0,1,1,0,0,2600,5.5,9,1,0,0,0,0,0,0
Lasiommata_megera,Nymphalidae,1053,5,5,0,1,0,0,2,1,3,2,42.5,9,0.12,0,0,1,0,0,1,1,0,0,2500,6.5,7,1,0,1,0,0,0,0
Lasiommata_paramegaera,Nymphalidae,15,5,5,0,1,0,0,3,3,3,0,42.5,9,0.354,0,0,1,0,0,1,0,0,0,1500,6,0,1,0,0,0,0,0,0
Lasiommata_petropolitana,Nymphalidae,352,5,5,0,1,1,0,1.5,1,2,1,38,6,0.258,0,0,1,0,0,1,0,0,100,1250,3.5,3,1,0,0,0,0,0,1
Leptidea_duponcheli,Pieridae,67,5,5,0,0,1,0,2,2,2,0,38,8,0.408,0,1,1,0,0,1,0,0,0,2400,5,0,1,0,0,0,0,0,0
Leptidea_juvernica,Pieridae,NA,NA,NA,0,0,1,0,1,1,1,0,42,0,NA,0,0,1,0,0,1,0,0,NA,NA,3,0,1,0,1,0,0,0,0
Leptidea_morsei,Pieridae,49,4,2,0,0,1,0,2,2,2,0,41.5,9,0.577,0,0,1,0,0,1,0,0,0,1400,5,0,1,0,0,0,0,0,1
Leptidea_reali,Pieridae,NA,5,5,0,0,1,0,2,1,3,2,38,10,1,0,0,1,0,0,1,0,0,0,2000,6,4,0,0,1,1,1,1,1
Leptidea_sinapis,Pieridae,1089,5,5,0,0,1,0,2,1,3,2,38,10,0.144,0,0,1,0,0,1,0,0,0,2000,6,4,1,0,0,0,0,0,1
Leptotes_pirithous,Lycaenidae,287,5,5,0,1,1,0,3,3,3,0,25,2,0.045,0,0,1,0,0,1,0,0,0,1900,8,0,1,0,1,0,0,0,0
Libythea_celtis,Nymphalidae,181,5,5,0,0,0,1,1.25,1,1.5,0.5,44.5,5,0.707,0,0,0,0,1,1,0,0,0,1800,6.5,3,1,0,0,0,0,0,1
Limenitis_camilla,Nymphalidae,526,5,5,0,1,0,0,1,1,1,0,56,8,0.289,0,0,0,1,1,1,0,0,0,1500,3,2,1,1,1,1,1,1,1
Limenitis_populi,Nymphalidae,529,5,4,0,1,0,0,1,1,1,0,77.5,11,0.577,0,0,0,0,1,1,0,0,100,1550,2.5,1,0,0,0,0,1,1,0
Limenitis_reducta,Nymphalidae,410,5,5,0,1,0,0,2,1,3,2,50,8,0.577,0,0,0,1,0,1,0,0,0,1950,5,4,1,0,1,1,1,1,1
Lopinga_achine,Nymphalidae,275,3,3,0,1,0,0,1,1,1,0,44,8,0.086,0,1,1,0,0,1,0,0,100,1400,2.5,1,1,0,0,1,1,0,1
Luthrodes_galba,Lycaenidae,NA,NA,NA,NA,NA,NA,NA,3,3,3,0,20,4,0.289,NA,NA,NA,NA,NA,NA,NA,NA,0,800,NA,NA,NA,NA,NA,NA,NA,NA,NA
Lycaena_alciphron,Lycaenidae,519,5,4,0,1,0,0,1,1,1,0,34,4,0.577,0,1,1,0,0,1,0,0,0,2500,4,0,1,0,0,0,0,0,0
Lycaena_candens,Lycaenidae,NA,5,5,0,1,0,0,1,1,1,0,34.5,1,1,0,1,0,0,0,1,1,0,900,1500,3.5,1,1,0,0,0,0,0,0
Lycaena_dispar,Lycaenidae,383,5,5,0,1,0,0,2,1,3,2,37,8,0.408,0,1,1,0,0,1,1,0,0,1000,6.5,1,1,0,1,1,0,0,0
Lycaena_helle,Lycaenidae,148,2,5,0,0,1,0,1.25,1,1.5,0.5,24,6,0.289,0,0,1,0,0,1,0,0,100,1700,6,0,1,0,1,0,0,0,0
Lycaena_hippothoe,Lycaenidae,689,5,4,1,1,0,0,1,1,1,0,30.5,7,0.289,0,1,1,0,0,1,0,0,0,2500,4.5,1,1,0,0,0,0,0,0
Lycaena_ottomana,Lycaenidae,37,5,5,0,1,0,0,2,2,2,0,29,2,1,NA,NA,NA,NA,NA,NA,NA,NA,0,1600,7,2,1,0,0,0,0,0,0
Lycaena_phlaeas,Lycaenidae,1340,5,5,0,1,0,0,2,1,3,2,26.5,11,0.333,0,1,0,0,0,1,0,0,0,2400,9.5,1,1,0,1,0,0,1,1
Lycaena_thersamon,Lycaenidae,199,5,5,0,1,1,0,2,1,3,2,30,4,0.089,NA,NA,NA,NA,NA,1,0,0,0,2200,9,4,1,0,0,0,0,0,0
Lycaena_thetis,Lycaenidae,6,NA,NA,NA,NA,NA,NA,1,1,1,0,27.5,1,0.707,NA,NA,NA,NA,NA,NA,NA,NA,1500,800,2,0,1,0,0,0,0,0,0
Lycaena_tityrus,Lycaenidae,673,5,5,0,1,0,0,2,1,3,2,30,4,0.136,0,1,1,0,0,1,0,0,0,2500,7,0,1,0,0,0,0,0,0
Lycaena_virgaureae,Lycaenidae,756,5,5,0,1,0,0,1,1,1,0,27,6,0.408,0,1,0,0,0,1,0,0,200,2300,5,0,1,0,0,0,0,0,0
Lysandra_albicans,Lycaenidae,40,5,5,1,0,0,0,1,1,1,0,39,6,1,0,0,1,0,0,NA,NA,NA,500,1000,3,0,1,0,0,0,0,0,1
Lysandra_bellargus,Lycaenidae,601,5,5,0,1,0,0,2,1,3,2,31,6,0.183,0,1,0,0,0,1,0,0,100,1900,7,0,1,0,0,0,0,1,1
Lysandra_coridon,Lycaenidae,575,4,4,1,0,0,0,1.5,1,2,1,33,6,1,0,1,0,0,0,1,0,0,100,2400,3,0,1,0,0,0,0,1,1
Lysandra_corydonius,Lycaenidae,NA,5,NA,0,1,0,0,1,1,1,0,33,6,NA,0,1,1,0,0,1,0,0,0,2900,3,0,1,0,0,0,0,0,0
Lysandra_hispana,Lycaenidae,50,5,5,1,0,0,0,2,2,2,0,34,4,1,0,0,1,0,0,1,0,0,100,900,7,0,1,0,0,0,0,0,1
Maniola_chia,Nymphalidae,2,5,5,0,1,0,0,1,1,1,0,41.5,9,0.289,0,1,1,0,0,1,1,0,0,800,5,0,1,0,0,0,0,0,0
Maniola_cypricola,Nymphalidae,NA,5,5,0,1,0,0,1,1,1,0,NA,NA,0.289,0,1,1,0,0,1,1,0,NA,NA,4,0,1,0,1,0,0,0,0
Maniola_halicarnassus,Nymphalidae,NA,4,4,0,1,0,0,1,1,1,0,44.5,5,0.289,0,1,1,0,0,1,1,0,0,450,3,4,1,0,0,0,0,0,0
Maniola_jurtina,Nymphalidae,1289,5,5,0,1,0,0,1,1,1,0,41.5,9,0.289,0,1,1,0,0,0,1,0,0,2500,5,6,1,0,1,0,0,0,0
Maniola_megala,Nymphalidae,2,NA,NA,0,1,0,0,1,1,1,0,41.5,9,0.289,0,1,1,0,0,1,1,0,0,900,3.5,3,1,0,1,0,0,0,0
Maniola_nurag,Nymphalidae,5,5,5,0,1,0,0,1,1,1,0,38,4,1,0,1,1,0,0,1,1,0,400,900,3.5,1,1,0,0,0,0,0,0
Maniola_telmessia,Nymphalidae,7,5,5,0,1,0,0,1,1,1,0,41.5,9,0.354,0,1,1,0,0,1,1,0,0,1300,7.5,5,1,0,0,0,0,0,0
Melanargia_arge,Nymphalidae,33,5,5,0,1,0,0,1,1,1,0,53,6,0.289,NA,NA,NA,NA,NA,NA,NA,NA,300,1200,2,0,1,0,0,0,0,0,0
Melanargia_galathea,Nymphalidae,802,5,5,0,1,0,0,1,1,1,0,47.5,5,0.107,0,1,1,0,0,1,1,0,0,2500,3.5,3,1,0,0,0,0,0,0
Melanargia_ines,Nymphalidae,79,5,5,0,1,0,0,1,1,1,0,48,4,0.5,0,0,1,0,0,NA,NA,NA,0,2600,4,0,1,0,0,0,0,0,0
Melanargia_lachesis,Nymphalidae,111,5,5,0,1,0,0,1,1,1,0,49,8,0.136,0,1,1,0,0,1,0,0,0,1600,2.5,1,1,0,0,0,0,0,0
Melanargia_larissa,Nymphalidae,73,5,5,0,1,0,0,1,1,1,0,55,10,0.707,0,1,1,0,0,1,0,0,0,2400,4,2,1,0,0,0,0,0,0
Melanargia_occitanica,Nymphalidae,85,5,5,0,1,0,0,1,1,1,0,51,10,0.154,0,1,1,0,0,1,0,0,0,2000,2.5,1,1,0,0,0,0,0,0
Melanargia_pherusa,Nymphalidae,4,5,5,0,1,0,0,1,1,1,0,48,4,0.289,NA,NA,NA,NA,NA,NA,NA,NA,600,800,2.5,1,1,0,0,0,0,0,0
Melanargia_russiae,Nymphalidae,111,5,5,0,1,0,0,1,1,1,0,55,10,0.12,0,1,1,0,0,1,0,0,500,1900,3,0,1,0,0,0,0,0,0
Melitaea_aetherie,Nymphalidae,26,5,5,0,1,0,0,1.5,1,2,1,44,4,0.408,NA,NA,NA,NA,NA,0,1,1,0,1800,2.5,1,1,0,0,0,0,0,1
Melitaea_arduinna,Nymphalidae,14,5,5,0,1,0,0,1,1,1,0,44,4,0.577,0,1,0,0,0,0,0,1,500,1350,3.5,1,1,0,0,0,0,0,0
Melitaea_asteria,Nymphalidae,15,5,5,0,1,0,0,0.5,0.5,0.5,0,29,2,1,0,1,1,0,0,0,1,1,2000,1000,2,0,1,0,0,0,0,0,0
Melitaea_athalia,Nymphalidae,1011,5,5,0,1,0,0,1.5,1,2,2,35.5,9,0.107,0,1,1,0,0,0,0,1,0,2300,3.5,3,1,0,0,0,0,1,0
Melitaea_aurelia,Nymphalidae,268,4,5,0,1,0,0,1,1,1,0,30,4,0.083,0,0,1,0,0,0,1,1,100,2000,2,0,1,0,0,0,0,0,0
Melitaea_britomartis,Nymphalidae,99,4,4,0,1,0,0,1.5,1,2,1,33,6,0.224,0,0,1,0,0,0,0,1,200,700,3,2,1,0,0,0,0,0,0
Melitaea_celadussa,Nymphalidae,NA,NA,NA,0,1,0,0,1.5,1,2,1,35.5,9,0.102,NA,NA,NA,NA,NA,NA,NA,NA,0,2600,3,2,1,0,0,0,0,0,1
Melitaea_cinxia,Nymphalidae,673,5,5,0,1,0,0,1.5,1,2,1,35.5,9,0.289,0,1,1,0,0,0,0,1,0,2600,4,4,1,0,0,0,0,0,0
Melitaea_deione,Nymphalidae,108,5,5,0,1,0,0,1.5,1,2,1,39,14,0.12,0,1,1,0,0,0,1,1,200,1900,4.5,3,1,0,0,0,0,0,1
Melitaea_diamina,Nymphalidae,461,5,4,0,1,0,0,1.5,1,2,1,35.5,9,0.126,0,1,1,0,0,0,0,1,100,2100,3.5,5,1,0,0,0,0,0,1
Melitaea_didyma,Nymphalidae,621,5,5,0,1,0,0,2.5,2,3,1,37,14,0.051,0,0,1,0,0,0,0,1,0,2700,5.5,5,1,0,0,0,0,0,0
Melitaea_ornata,Nymphalidae,NA,NA,NA,0,1,0,0,1,1,1,0,41.5,7,0.289,0,0,1,0,0,0,0,1,0,1900,4,0,1,0,0,0,0,0,0
Melitaea_parthenoides,Nymphalidae,172,5,5,0,1,0,0,1.5,1,2,1,33,6,0.105,0,0,1,0,0,0,1,1,100,2300,3,2,1,0,0,0,0,1,1
Melitaea_phoebe,Nymphalidae,521,5,5,0,1,0,0,1.5,1,2,1,44.5,11,0.154,0,0,1,0,0,0,0,1,0,2700,4.5,5,1,0,0,0,0,0,1
Melitaea_trivia,Nymphalidae,260,5,4,0,1,0,0,2,1,3,2,33,10,0.447,0,0,1,0,0,0,0,1,0,2400,5,6,1,0,0,0,0,0,1
Melitaea_varia,Nymphalidae,41,5,5,0,1,0,0,1,1,1,0,34,8,0.289,0,1,1,0,0,0,1,1,1200,1400,3,0,1,0,0,0,0,0,0
Minois_dryas,Nymphalidae,48,5,5,0,1,0,0,1,1,1,0,62,16,0.2,0,1,1,0,0,0,1,0,0,1600,3,2,1,0,0,0,0,1,0
Muschampia_cribrellum,Hesperiidae,7,4,4,0,1,0,0,1,1,1,0,29,6,0.289,NA,NA,NA,NA,NA,NA,NA,NA,0,1000,3,0,1,0,0,0,0,0,1
Muschampia_proto,Hesperiidae,88,5,5,1,0,0,0,1,1,1,0,34.5,9,0.577,0,1,1,0,0,1,0,0,0,2000,4,2,1,0,0,0,0,0,1
Muschampia_tessellum,Hesperiidae,22,5,5,NA,NA,NA,NA,1,1,1,0,33.5,5,0.5,NA,NA,NA,NA,NA,NA,NA,NA,0,1900,4.5,1,1,0,0,0,0,0,0
Neptis_rivularis,Nymphalidae,150,5,5,0,1,0,0,1,1,1,0,52,4,0.258,NA,NA,NA,NA,NA,1,0,0,100,1500,3.5,1,0,0,1,0,0,0,0
Neptis_sappho,Nymphalidae,104,5,5,0,1,0,0,1.5,1,2,1,54,8,0.408,NA,NA,NA,NA,NA,1,0,0,100,1450,4.5,1,NA,NA,NA,NA,NA,NA,NA
Nymphalis_antiopa,Nymphalidae,910,5,5,0,0,0,1,1.25,1,1.5,0.5,67.5,17,0.192,0,0,0,1,1,0,0,1,0,2000,5.5,7,1,0,1,1,1,1,1
Nymphalis_polychloros,Nymphalidae,845,5,3,0,0,0,1,1.5,1,2,1,62,12,0.136,0,0,0,1,1,0,0,1,0,2600,6.5,7,1,0,1,0,1,1,1
Nymphalis_vaualbum,Nymphalidae,72,5,5,0,0,0,1,1,1,1,0,63,10,0.354,0,0,0,0,1,0,0,1,0,1500,3.5,3,0,0,0,0,0,0,1
Nymphalis_xanthomelas,Nymphalidae,113,5,4,0,0,0,1,1,1,1,0,62,12,0.707,0,0,0,0,1,0,0,1,0,2000,4.5,3,0,0,0,0,1,0,0
Ochlodes_sylvanus,Hesperiidae,1058,5,5,0,1,0,0,1.5,1,2,1,30,6,0.083,0,0,1,0,0,1,0,0,0,2300,4,0,1,0,0,0,0,1,1
Oeneis_bore,Nymphalidae,19,5,5,0,1,0,0,0.5,0.5,0.5,0,43,10,1,0,0,1,0,0,NA,NA,NA,100,900,1.5,1,NA,NA,NA,NA,NA,NA,NA
Oeneis_glacialis,Nymphalidae,46,5,5,0,1,0,0,0.5,0.5,0.5,0,53,6,1,NA,NA,NA,NA,NA,1,0,0,1400,1500,3,0,1,0,0,0,0,0,0
Oeneis_jutta,Nymphalidae,166,5,5,0,1,0,0,0.75,0.5,1,0.5,53,10,0.354,0,0,1,0,0,NA,NA,NA,NA,NA,2.5,1,0,0,1,0,0,0,0
Oeneis_norna,Nymphalidae,54,4,4,0,1,0,0,0.5,0.5,0.5,0,47,14,0.236,0,0,1,0,0,1,0,0,200,700,2,0,NA,NA,NA,NA,NA,NA,NA
Papilio_alexanor,Papilionidae,49,5,5,0,0,1,0,1,1,1,0,64,4,0.118,0,0,1,0,0,NA,NA,NA,0,2400,4,0,1,0,0,0,0,0,0
Papilio_hospiton,Papilionidae,14,5,5,0,0,1,0,1.25,1,1.5,0.5,76,10,0.177,0,1,1,0,0,1,0,0,50,1450,3,0,1,0,0,0,0,0,0
Papilio_machaon,Papilionidae,1224,5,5,0,0,1,0,2,1,3,2,75,30,0.053,0,0,1,0,0,1,0,0,0,3000,6.5,5,1,0,1,0,0,0,0
Pararge_aegeria,Nymphalidae,1178,5,5,0,1,1,0,2,1,3,2,40,4,0.154,0,0,1,0,0,1,0,0,0,2500,7,10,1,0,1,0,1,0,0
Pararge_xiphia,Nymphalidae,NA,2,2,1,1,1,1,3,3,3,0,45.5,3,0.102,0,1,1,0,0,1,0,0,0,1000,12,0,0,0,1,1,1,0,0
Pararge_xiphioides,Nymphalidae,NA,5,5,1,1,1,1,3,3,3,0,37.5,1,0.102,0,1,1,0,0,1,0,0,0,2000,12,0,0,0,1,1,1,0,0
Parnassius_apollo,Papilionidae,354,4,4,1,1,0,0,1,1,1,0,80,30,0.204,0,1,0,0,0,1,1,0,0,3000,4.5,1,1,0,0,0,0,0,0
Parnassius_mnemosyne,Papilionidae,371,4,5,1,0,0,0,1,1,1,0,58,12,0.354,0,1,0,0,0,1,0,0,0,2500,3,0,1,0,0,0,0,0,0
Parnassius_phoebus,Papilionidae,48,4,4,1,1,0,0,1,1,1,0,65,30,0.158,0,1,1,0,0,1,0,0,1600,1200,3,0,1,0,0,0,0,0,0
Pelopidas_thrax,Hesperiidae,1,NA,NA,0,1,1,0,3,3,3,0,39.5,5,0.218,0,0,1,0,0,1,0,0,500,1500,10,4,1,0,0,0,0,0,0
Phengaris_alcon,Lycaenidae,354,5,4,0,1,0,0,1,1,1,0,36,4,0.577,1,1,1,0,0,1,1,0,100,1200,3,0,1,0,0,0,0,0,0
Phengaris_arion,Lycaenidae,522,2,2,0,1,0,0,1,1,1,0,36,6,0.5,1,1,1,0,0,1,0,0,0,2400,4,0,1,0,0,0,0,0,0
Phengaris_nausithous,Lycaenidae,188,4,4,0,1,0,0,1,1,1,0,35,2,1,1,1,1,0,0,1,0,0,100,1500,3,0,1,0,0,0,0,0,0
Phengaris_teleius,Lycaenidae,252,3,3,0,1,0,0,1,1,1,0,34,4,1,1,1,1,0,0,1,0,0,100,1500,3,0,1,0,0,0,0,0,0
Pieris_balcana,Pieridae,NA,5,5,0,0,1,0,2.5,2,3,1,38.5,13,0.289,NA,NA,NA,NA,NA,NA,NA,NA,0,1000,7,0,1,0,0,0,0,0,0
Pieris_brassicae,Pieridae,1353,5,5,0,0,1,0,2.5,2,3,1,57,12,0.115,0,1,1,0,0,0,1,1,0,2500,7,6,1,0,1,0,0,0,0
Pieris_bryoniae,Pieridae,114,5,5,0,0,1,0,1.5,1,2,1,38.5,13,0.204,0,1,0,0,0,1,1,0,600,2700,4,0,1,0,0,0,0,0,0
Pieris_cheiranthi,Pieridae,NA,2,2,1,1,1,1,3,3,3,0,62.5,5,0.289,0,1,1,1,0,0,1,1,200,1200,12,0,1,0,0,0,0,0,0
Pieris_ergane,Pieridae,125,5,5,0,0,1,0,2,1,3,2,42,12,0.408,0,1,1,0,0,1,0,0,0,2200,7.5,5,1,0,0,0,0,0,1
Pieris_krueperi,Pieridae,51,5,5,0,0,1,0,4,4,4,0,46,8,0.707,0,0,1,0,0,1,0,0,0,2000,8,0,1,0,0,0,0,0,0
Pieris_mannii,Pieridae,203,5,5,0,0,1,0,3,3,3,0,43,6,0.408,0,1,1,0,0,1,0,0,0,2000,7.5,5,1,0,0,0,0,0,0
Pieris_napi,Pieridae,1405,5,5,0,0,1,0,2,1,3,2,40,16,0.114,0,1,1,0,0,1,0,0,0,2500,5.5,7,1,0,1,0,0,0,0
Pieris_rapae,Pieridae,1363,5,5,0,0,1,0,2,1,3,2,44.5,11,0.118,0,1,1,0,0,0,1,0,0,3000,9.5,1,1,0,0,0,0,0,1
Plebejidea_loewii,Lycaenidae,3,NA,NA,NA,NA,NA,NA,1,1,1,0,28.5,3,0.707,NA,NA,NA,NA,NA,NA,NA,NA,0,3000,3.5,1,1,0,0,0,0,0,0
Plebejus_argus,Lycaenidae,991,5,5,1,0,0,0,1.5,1,2,1,22.5,9,0.069,0,1,1,0,0,1,0,0,0,2400,4,0,1,0,0,0,0,1,1
Plebejus_argyrognomon,Lycaenidae,290,5,5,1,1,0,0,1.5,1,2,1,31,6,0.224,0,0,1,0,0,1,0,0,300,1400,4,0,1,0,0,0,0,0,0
Plebejus_bellieri,Lycaenidae,10,5,5,NA,NA,NA,NA,1,1,1,0,23,6,0.354,NA,NA,NA,NA,NA,NA,NA,NA,0,1400,3,0,1,0,0,0,0,0,0
Plebejus_idas,Lycaenidae,774,5,5,1,0,0,0,1.5,1,2,1,24.5,5,0.041,0,0,1,0,0,1,0,0,100,2300,5,0,1,0,0,0,0,0,0
Polygonia_c-album,Nymphalidae,1098,5,5,0,0,0,1,2,1,3,2,46,12,0.05,0,0,1,1,1,1,0,0,0,2700,6.5,7,1,0,1,1,1,1,1
Polygonia_egea,Nymphalidae,158,5,5,0,0,0,1,2,1,3,2,45,2,0.577,0,0,1,0,0,1,1,0,0,2100,8.5,5,1,0,0,0,0,0,0
Polyommatus_admetus,Lycaenidae,57,5,5,0,1,0,0,1,1,1,0,34,8,0.707,1,1,1,0,0,NA,NA,NA,100,1700,3,0,1,0,0,0,0,0,0
Polyommatus_amandus,Lycaenidae,544,5,5,0,1,0,0,1.5,1,2,1,31,6,0.204,0,1,1,0,0,1,0,0,100,2000,3,0,1,0,0,0,0,0,1
Polyommatus_aroaniensis,Lycaenidae,13,5,5,0,1,0,0,1,1,1,0,30.5,5,1,0,0,1,0,0,1,0,0,400,1600,3,0,NA,NA,NA,NA,NA,NA,NA
Polyommatus_celina,Lycaenidae,NA,NA,NA,0,1,0,0,4,4,4,0,27,12,1,NA,NA,NA,NA,NA,NA,NA,NA,0,2800,11,0,1,0,0,0,0,0,1
Polyommatus_damocles,Lycaenidae,NA,NA,NA,NA,NA,NA,NA,1,1,1,0,31.5,5,NA,NA,NA,NA,NA,NA,NA,NA,NA,1700,300,2.5,1,NA,NA,NA,NA,NA,NA,NA
Polyommatus_damon,Lycaenidae,163,4,4,1,1,0,0,1,1,1,0,32,4,0.447,0,1,0,0,0,1,0,0,600,1800,2,0,1,0,0,0,0,0,1
Polyommatus_daphnis,Lycaenidae,305,5,5,1,0,0,0,1,1,1,0,35,6,0.129,0,1,1,0,0,1,0,0,200,1800,3,0,1,0,0,0,0,0,1
Polyommatus_dolus,Lycaenidae,24,5,5,0,1,0,0,1,1,1,0,35,6,1,NA,NA,NA,NA,NA,1,0,0,200,800,2,0,1,0,0,0,0,0,0
Polyommatus_dorylas,Lycaenidae,330,4,4,0,1,0,0,1.5,1,2,1,32,4,0.204,0,1,1,0,0,1,0,0,100,2200,4,0,1,0,0,0,0,0,0
Polyommatus_eros,Lycaenidae,88,4,4,0,1,0,0,1,1,1,0,31,10,0.408,0,0,1,0,0,1,0,0,600,2100,3,0,1,0,0,0,0,0,1
Polyommatus_escheri,Lycaenidae,167,5,5,0,1,0,0,1,1,1,0,28,8,0.5,0,1,1,0,0,1,0,0,100,1900,3,0,1,0,0,0,0,0,0
Polyommatus_fabressei,Lycaenidae,11,5,5,0,1,0,0,1,1,1,0,30.5,5,1,0,0,1,0,0,NA,NA,NA,900,600,3,0,1,0,0,0,0,0,1
Polyommatus_fulgens,Lycaenidae,27,5,5,0,1,0,0,1,1,1,0,32,4,1,0,0,1,0,0,NA,NA,NA,900,300,2,0,1,0,0,0,0,0,0
Polyommatus_golgus,Lycaenidae,3,3,3,0,1,0,0,1,1,1,0,28,4,1,1,1,1,0,0,1,0,0,1900,1100,2,0,1,0,0,0,0,0,0
Polyommatus_humedasae,Lycaenidae,2,2,2,0,1,0,0,1,1,1,0,30.5,5,1,NA,NA,NA,NA,NA,NA,NA,NA,1000,100,2,0,1,0,0,0,0,0,0
Polyommatus_icarus,Lycaenidae,1476,5,5,0,1,0,0,2.5,1,4,3,28.5,11,0.144,0,1,1,0,0,1,0,0,0,2900,7,0,1,0,0,0,0,1,1
Polyommatus_iphigenia,Lycaenidae,2,NA,NA,NA,NA,NA,NA,1,1,1,0,30,4,1,NA,NA,NA,NA,NA,NA,NA,NA,500,2300,2.5,1,NA,NA,NA,NA,NA,NA,NA
Polyommatus_nephohiptamenos,Lycaenidae,NA,4,4,NA,NA,NA,NA,1,1,1,0,30.5,5,1,NA,NA,NA,NA,NA,NA,NA,NA,1200,800,2,0,NA,NA,NA,NA,NA,NA,NA
Polyommatus_nivescens,Lycaenidae,26,4,4,0,1,0,0,1,1,1,0,33,6,1,0,1,1,0,0,1,0,0,1000,1200,4,0,1,0,0,0,0,0,1
Polyommatus_orphicus,Lycaenidae,9,3,3,NA,NA,NA,NA,1,1,1,0,33,6,0.577,NA,NA,NA,NA,NA,NA,NA,NA,400,1600,NA,NA,NA,NA,NA,NA,NA,NA,NA
Polyommatus_ripartii,Lycaenidae,59,5,4,0,1,0,0,1,1,1,0,31,6,0.447,0,1,1,0,0,1,0,0,100,1900,4,0,1,0,0,0,0,0,0
Polyommatus_thersites,Lycaenidae,351,5,5,0,1,0,0,2,1,3,2,29,6,0.5,0,1,1,0,0,1,0,0,0,2200,7,0,1,0,0,0,0,0,0
Polyommatus_violetae,Lycaenidae,3,3,3,0,1,0,0,1,1,1,0,31,6,1,0,0,1,0,0,NA,NA,NA,1200,600,2,0,1,0,0,1,0,0,1
Pontia_callidice,Pieridae,60,5,5,0,0,1,0,1.5,1,2,1,47,10,0.102,0,1,0,0,0,1,0,0,0,3400,4,0,1,0,0,0,0,0,0
Pontia_chloridice,Pieridae,11,5,5,0,0,1,0,2.5,2,3,1,38.5,3,0.236,0,0,1,0,0,1,0,0,0,2500,6,4,NA,NA,NA,NA,NA,NA,NA
Pontia_daplidice,Pieridae,921,5,5,0,0,1,0,3,3,3,0,41.5,7,0.061,0,0,1,0,0,1,1,0,0,3000,5.5,3,1,0,0,0,0,0,0
Pontia_edusa,Pieridae,NA,5,5,0,0,1,0,3,3,3,0,41.5,7,0.102,0,1,0,0,0,1,0,0,0,3000,5.5,3,1,0,0,0,0,0,0
Proterebia_phegea,Nymphalidae,5,NA,NA,0,1,0,0,1,1,1,0,46,4,1,0,1,1,0,0,1,1,0,150,1450,2.5,1,1,0,0,0,0,0,0
Pseudochazara_amymone,Nymphalidae,NA,3,3,0,1,0,0,1,1,1,0,53,2,0.289,NA,NA,NA,NA,NA,NA,NA,NA,500,1000,2.5,1,1,0,0,0,0,0,1
Pseudochazara_anthelea,Nymphalidae,45,5,5,NA,NA,NA,NA,1,1,1,0,51,4,0.289,1,1,1,0,0,NA,NA,NA,0,2400,4,2,1,0,0,0,0,0,0
Pseudochazara_cingovskii,Nymphalidae,2,1,NA,0,1,0,0,1,1,1,0,52,4,0.577,NA,NA,NA,NA,NA,NA,NA,NA,1000,200,2,0,NA,NA,NA,NA,NA,NA,NA
Pseudochazara_euxina,Nymphalidae,NA,2,NA,NA,NA,NA,NA,1,1,1,0,54.5,7,NA,NA,NA,NA,NA,NA,NA,NA,NA,500,700,3,0,NA,NA,NA,NA,NA,NA,NA
Pseudochazara_geyeri,Nymphalidae,6,5,5,0,1,0,0,1,1,1,0,49,2,1,NA,NA,NA,NA,NA,NA,NA,NA,1250,500,2,0,1,0,0,0,0,0,0
Pseudochazara_graeca,Nymphalidae,19,5,5,0,1,0,0,1,1,1,0,51,2,0.289,NA,NA,NA,NA,NA,1,0,0,750,1650,3,2,1,0,0,0,0,0,0
Pseudochazara_mercurius,Nymphalidae,6,NA,NA,0,1,0,0,1,1,1,0,50,4,1,NA,NA,NA,NA,NA,NA,NA,NA,1400,1300,2,0,1,0,0,0,0,0,0
Pseudochazara_orestes,Nymphalidae,1,3,3,NA,NA,NA,NA,1,1,1,0,53.5,3,0.289,NA,NA,NA,NA,NA, ,NA,NA,300,1600,3,2,1,0,0,0,0,0,0
Pseudochazara_williamsi,Nymphalidae,5,NA,NA,0,1,0,0,1,1,1,0,50,4,NA,NA,NA,NA,NA,NA,NA,NA,NA,2000,700,3,0,1,0,0,0,0,0,1
Pseudophilotes_abencerragus,Lycaenidae,27,5,5,0,1,0,0,1.5,1,2,1,20,4,0.354,0,0,1,0,0,NA,NA,NA,100,1400,2,0,1,0,0,0,0,0,1
Pseudophilotes_barbagiae,Lycaenidae,1,5,5,0,1,0,0,1,1,1,0,22,2,1,0,0,1,0,0,NA,NA,NA,700,800,4,0,1,0,0,0,0,0,0
Pseudophilotes_baton,Lycaenidae,222,5,5,0,1,1,0,1.5,1,2,1,24,4,0.124,0,0,1,0,0,1,0,0,100,1900,5,0,1,0,0,0,0,0,0
Pseudophilotes_bavius,Lycaenidae,20,5,5,0,0,1,0,1,1,1,0,27,6,0.577,0,0,1,0,0,1,0,0,500,1000,3,0,1,0,1,0,0,0,0
Pseudophilotes_panoptes,Lycaenidae,41,4,4,0,0,1,0,2,2,2,0,21.5,1,0.5,NA,NA,NA,NA,NA,NA,NA,NA,200,1700,6,0,1,0,0,0,0,0,1
Pseudophilotes_vicrama,Lycaenidae,212,4,4,0,1,1,0,1.5,1,2,1,23,6,0.069,0,0,1,0,0,NA,NA,NA,0,2000,5,0,1,0,0,0,0,0,0
Pyrgus_alveus,Hesperiidae,476,5,5,0,1,0,0,1,1,1,0,28.5,7,0.354,0,0,1,0,0,1,0,0,0,2300,3.5,3,1,0,0,0,0,0,0
Pyrgus_andromedae,Hesperiidae,83,5,5,0,1,0,0,1,1,1,0,28.5,5,0.289,NA,NA,NA,NA,NA,NA,NA,NA,1600,1700,3,2,1,0,0,0,0,0,0
Pyrgus_armoricanus,Hesperiidae,311,5,5,0,1,0,0,1.5,1,2,1,26,4,0.183,0,0,1,1,0,1,0,0,0,1900,5.5,5,1,0,0,0,0,0,1
Pyrgus_cacaliae,Hesperiidae,55,5,5,0,1,0,0,1,1,1,0,28.5,5,0.577,NA,NA,NA,NA,NA,NA,NA,NA,1800,1000,2.5,1,1,0,0,0,0,0,0
Pyrgus_carlinae,Hesperiidae,30,5,5,0,1,0,0,1,1,1,0,29,6,0.5,NA,NA,NA,NA,NA,NA,NA,NA,1500,1000,2,0,1,0,0,0,0,0,0
Pyrgus_carthami,Hesperiidae,264,5,5,0,1,0,0,1,1,1,0,32,4,0.218,0,1,1,0,0,1,1,0,0,1800,5,0,1,0,0,0,0,0,1
Pyrgus_centaureae,Hesperiidae,162,5,5,0,1,0,0,1,1,1,0,29.5,5,1,NA,NA,NA,NA,NA,NA,NA,NA,0,1000,2.5,1,1,0,0,0,0,0,0
Pyrgus_cinarae,Hesperiidae,14,5,5,0,1,0,0,1,1,1,0,31,2,1,NA,NA,NA,NA,NA,NA,NA,NA,0,2000,4,2,1,0,0,0,0,0,0
Pyrgus_cirsii,Hesperiidae,94,3,3,1,1,0,0,1,1,1,0,27,2,0.408,0,1,1,0,0,1,0,0,0,1000,3,2,1,0,0,0,0,0,1
Pyrgus_foulquieri,Hesperiidae,29,NA,NA,0,1,0,0,1,1,1,0,28.5,3,0.5,NA,NA,NA,NA,NA,NA,NA,NA,1000,700,3,2,1,0,0,0,0,0,0
Pyrgus_malvae,Hesperiidae,959,5,5,0,0,1,0,1.5,1,2,1,23,6,0.192,0,0,1,0,0,1,0,0,0,2500,5,4,1,0,0,0,0,0,0
Pyrgus_malvoides,Hesperiidae,NA,5,5,0,0,1,0,1.5,1,2,1,23,6,NA,0,1,1,0,0,1,0,0,0,1800,3.5,3,1,0,0,0,0,0,1
Pyrgus_onopordi,Hesperiidae,105,5,5,0,1,0,0,2.5,2,3,1,25,6,0.577,0,1,1,0,0,1,0,0,0,2800,7,0,1,0,0,0,0,0,1
Pyrgus_serratulae,Hesperiidae,318,5,4,0,1,0,0,1,1,1,0,28,8,0.316,0,1,1,0,0,1,0,0,0,2800,3,2,1,0,0,0,0,0,0
Pyrgus_sidae,Hesperiidae,77,5,5,0,1,0,0,1,1,1,0,35,6,0.316,NA,NA,NA,NA,NA,NA,NA,NA,0,2300,4,2,1,0,0,0,0,0,1
Pyrgus_warrenensis,Hesperiidae,29,5,5,0,1,0,0,1,1,1,0,24.5,3,0.577,NA,NA,NA,NA,NA,NA,NA,NA,1800,800,2,0,NA,NA,NA,NA,NA,NA,NA
Pyronia_bathseba,Nymphalidae,104,5,5,0,1,0,0,1,1,1,0,37,2,0.354,0,1,1,0,0,1,0,0,100,1900,4.5,1,1,0,0,0,0,0,0
Pyronia_cecilia,Nymphalidae,219,5,5,0,1,0,0,1,1,1,0,31,2,0.177,0,0,1,0,0,1,0,0,0,2300,3.5,1,1,0,0,0,0,0,1
Pyronia_tithonus,Nymphalidae,515,5,5,0,1,0,0,1,1,1,0,36,4,0.081,0,1,1,0,0,1,0,0,0,2300,3.5,3,1,0,1,0,0,0,0
Satyrium_acaciae,Lycaenidae,349,5,5,1,0,0,0,1,1,1,0,30,4,1,0,1,0,1,0,1,0,0,0,2000,3,2,1,0,1,0,0,0,0
Satyrium_esculi,Lycaenidae,106,5,5,1,0,0,0,1,1,1,0,32,4,0.707,0,0,0,1,1,1,0,0,100,1200,4,0,1,0,0,0,0,0,0
Satyrium_ilicis,Lycaenidae,586,5,5,1,0,0,0,1,1,1,0,34,4,0.112,0,0,0,1,0,1,0,0,0,1800,4,0,0,0,1,0,0,0,0
Satyrium_ledereri,Lycaenidae,1,NA,NA,1,0,0,0,1,1,1,0,29,4,0.577,0,0,0,1,0,1,0,0,600,1900,3.5,3,1,0,0,0,0,0,0
Satyrium_pruni,Lycaenidae,408,5,5,1,0,0,0,1,1,1,0,31.5,9,0.134,0,0,0,1,0,1,0,0,100,600,3,0,1,0,1,1,0,0,0
Satyrium_spini,Lycaenidae,483,5,5,1,0,0,0,1,1,1,0,30,4,0.167,0,0,0,1,0,1,1,0,0,2000,3.5,1,1,0,1,1,0,0,0
Satyrium_w-album,Lycaenidae,553,5,5,1,0,0,0,1,1,1,0,30,4,0.065,0,0,0,1,1,1,0,0,0,1700,3,0,1,0,0,1,0,0,0
Satyrus_actaea,Nymphalidae,73,5,5,0,1,0,0,1,1,1,0,55,10,0.236,0,1,1,0,0,1,0,0,100,1900,3,0,1,0,0,0,0,0,0
Satyrus_ferula,Nymphalidae,144,5,5,0,1,0,0,1,1,1,0,55,10,0.5,0,1,1,0,0,0,1,0,0,2200,4,2,1,0,0,0,0,1,1
Scolitantides_orion,Lycaenidae,260,5,4,0,0,1,0,1.5,1,2,1,27.5,5,0.333,0,0,1,0,0,1,0,0,0,1500,5,0,1,0,0,0,0,0,0
Speyeria_aglaja,Nymphalidae,1132,5,5,1,1,0,0,1,1,1,0,51.5,9,0.5,0,1,1,0,0,1,0,0,0,2500,3.5,3,1,0,0,0,0,1,1
Spialia_orbifer,Hesperiidae,129,5,5,0,1,0,0,1.5,1,2,1,25,6,0.224,NA,NA,NA,NA,NA,NA,NA,NA,0,2500,5.5,3,1,0,0,0,0,0,0
Spialia_phlomidis,Hesperiidae,25,5,5,0,1,0,0,1,1,1,0,27,6,0.5,NA,NA,NA,NA,NA,NA,NA,NA,0,2200,4,0,NA,NA,NA,NA,NA,NA,NA
Spialia_rosae,Lycaenidae,,NA,NA,NA,NA,NA,NA,3,3,3,0,20,4,0.289,NA,NA,NA,NA,NA,NA,NA,NA,0,1400,NA,NA,NA,NA,NA,NA,NA,NA,NA
Spialia_sertorius,Hesperiidae,380,5,5,0,1,0,0,2,1,3,2,24,4,1,0,1,1,0,0,1,0,0,0,1700,7,4,1,0,0,0,0,0,0
Spialia_therapne,Hesperiidae,7,5,5,NA,NA,NA,NA,2,2,2,0,24,4,1,0,1,1,0,0,1,0,0,0,1500,5,0,NA,NA,NA,NA,NA,NA,NA
Tarucus_balkanicus,Lycaenidae,19,5,5,0,0,1,0,3,3,3,0,20,4,0.267,0,0,1,0,0,1,0,0,0,1200,7,0,1,0,0,0,0,0,0
Tarucus_theophrastus,Lycaenidae,4,5,5,NA,NA,NA,NA,3,3,3,0,21,2,0.354,0,0,0,1,0,1,0,0,0,250,6,0,NA,NA,NA,NA,NA,NA,NA
Thecla_betulae,Lycaenidae,628,5,5,1,0,0,0,1,1,1,0,35,10,0.129,0,0,0,1,0,1,0,0,0,1600,4.5,1,1,0,0,1,0,0,0
Thymelicus_acteon,Hesperiidae,496,4,4,0,1,0,0,1.5,1,2,1,24,4,0.118,0,0,1,0,0,0,1,0,0,2500,4.5,3,1,0,0,0,0,0,0
Thymelicus_christi,Hesperiidae,NA,5,5,0,1,0,0,2.5,2,3,1,24,4,NA,0,0,1,0,0,NA,NA,NA,100,900,9,0,NA,NA,NA,NA,NA,NA,NA
Thymelicus_hyrax,Hesperiidae,10,5,5,NA,NA,NA,NA,1,1,1,0,32.5,5,0.102,NA,NA,NA,NA,NA,NA,NA,NA,0,2000,3,0,1,0,0,0,0,0,0
Thymelicus_lineola,Hesperiidae,926,5,5,1,0,0,0,1,1,1,0,25.5,7,0.067,0,0,1,0,0,0,1,1,0,2500,3.5,3,1,0,0,0,0,0,1
Thymelicus_sylvestris,Hesperiidae,832,5,5,0,1,0,0,1,1,1,0,26.5,5,0.101,0,0,1,0,0,0,1,0,0,2600,4.5,3,1,0,0,0,0,0,1
Tomares_ballus,Lycaenidae,51,5,5,0,0,1,0,1,1,1,0,29,2,0.125,0,0,1,0,0,1,0,0,200,1100,4,2,1,0,0,0,0,0,0
Tomares_callimachus,Lycaenidae,NA,5,NA,0,0,1,0,1,1,1,0,28,4,NA,1,1,1,0,0,1,0,0,0,2300,3,0,NA,NA,NA,NA,NA,NA,NA
Tomares_nogelii,Lycaenidae,2,3,0,NA,NA,NA,NA,1,1,1,0,32.5,5,1,NA,NA,NA,NA,NA,NA,NA,NA,0,2300,3.5,1,NA,NA,NA,NA,NA,NA,NA
Turanana_taygetica,Lycaenidae,3,2,2,0,0,1,0,1.5,1,2,1,21,2,0.577,NA,NA,NA,NA,NA,NA,NA,NA,1500,800,4,0,1,0,0,0,0,0,1
Vanessa_atalanta,Nymphalidae,1343,5,5,0,0,0,1,2,1,3,2,59.5,13,0.316,0,0,1,0,0,1,0,0,0,2500,8.5,7,1,0,1,1,1,1,1
Vanessa_cardui,Nymphalidae,1373,5,5,0,0,0,1,2,1,3,2,54,16,0.083,0,0,1,0,0,1,0,0,0,3000,8,8,1,0,1,1,0,0,0
Vanessa_virginiensis,Nymphalidae,12,NA,NA,NA,NA,NA,NA,3,3,3,0,45,10,0.048,0,0,1,0,0,1,0,0,0,1500,10,0,NA,NA,NA,NA,NA,NA,NA
Vanessa_vulcania,Nymphalidae,NA,5,5,1,1,1,1,3,3,3,0,57,6,0.289,0,0,1,0,0,1,0,0,0,1500,12,0,1,0,0,0,0,0,0
Ypthima_asterope,Nymphalidae,2,NA,NA,0,1,0,0,3,3,3,0,30,4,0.5,0,0,1,0,0,1,0,0,0,1200,7.5,1,1,0,0,0,0,0,0
Zegris_eupheme,Pieridae,36,4,4,0,0,1,0,1,1,1,0,48.5,5,0.192,0,0,1,0,0,1,0,0,500,900,4,0,1,0,0,0,0,0,0
Zerynthia_cassandra,Papilionidae,44,NA,NA,0,0,1,0,1,1,1,0,49,6,0.577,0,0,1,0,0,1,1,0,0,1700,4,0,1,0,0,0,0,0,0
Zerynthia_cerisy,Papilionidae,61,4,4,0,0,1,0,1,1,1,0,57,10,0.354,0,0,1,0,0,0,1,0,0,1700,5,0,1,0,0,0,0,0,0
Zerynthia_cretica,Papilionidae,7,5,5,0,0,1,0,1,1,1,0,52.5,5,0.707,0,0,1,0,0,1,1,0,0,1000,4.5,1,1,0,0,0,0,0,0
Zerynthia_polyxena,Papilionidae,215,5,5,0,0,1,0,1,1,1,0,49,6,0.5,0,0,1,0,0,1,1,0,0,1700,4,0,1,0,0,0,0,0,0
Zerynthia_rumina,Papilionidae,128,5,5,0,0,1,0,1.25,1,1.5,0.5,45,2,0.577,0,1,1,0,0,1,1,0,0,1500,5,4,1,0,0,0,0,0,0
Zizeeria_karsandra,Lycaenidae,NA,NA,NA,1,1,1,1,3,3,3,0,22,4,0.289,NA,NA,NA,NA,NA,NA,NA,NA,0,1500,NA,NA,NA,NA,NA,NA,NA,NA,NA
Zizeeria_knysna,Lycaenidae,39,NA,NA,1,1,1,1,3,3,3,0,22,4,0.105,NA,NA,NA,NA,NA,NA,NA,NA,0,800,9,0,1,0,0,0,0,0,1
